file,processing_time
2009.csv,26.216185092926025
2015.csv,19.55131459236145
airline_delay.csv,19.016886711120605
2014.csv,19.084872245788574
2016.csv,18.924779415130615
2017.csv,18.92421317100525
2013.csv,19.731353521347046
2012.csv,19.13932967185974
2010.csv,109.19772624969482
2011.csv,18.67685890197754
